{"cameraMode":{"drawMode":0,"name":"Shaded","section":"Shading Mode"},"sceneLighting":true,"audioPlay":false,"sceneViewState":{"m_AlwaysRefresh":false,"showFog":true,"showSkybox":true,"showFlares":true,"showImageEffects":true,"showParticleSystems":true,"showVisualEffectGraphs":true,"m_FxEnabled":true},"in2DMode":false,"pivot":{"x":-4.917178153991699,"y":3.141416072845459,"z":0.7232375144958496},"rotation":{"x":0.14670665562152863,"y":0.08770426362752915,"z":-0.013057057745754719,"w":0.9852020740509033},"size":8.751567840576172,"orthographic":false}